sheet_name,row_number,stock_code_raw_text,name_of_securities,category,subcategory,isin,board_lot,currency,diagnostic_security_class
ListOfSecurities,4,00001,CKH HOLDINGS,Equity,Equity Securities (Main Board),KYG217651051,500,HKD,EQUITY_CANDIDATE_DIAGNOSTIC_ONLY
ListOfSecurities,5,00002,CLP HOLDINGS,Equity,Equity Securities (Main Board),HK0002007356,500,HKD,EQUITY_CANDIDATE_DIAGNOSTIC_ONLY
ListOfSecurities,6,00003,HK & CHINA GAS,Equity,Equity Securities (Main Board),HK0003000038,"1,000",HKD,EQUITY_CANDIDATE_DIAGNOSTIC_ONLY
ListOfSecurities,7,00004,WHARF HOLDINGS,Equity,Equity Securities (Main Board),HK0004000045,"1,000",HKD,EQUITY_CANDIDATE_DIAGNOSTIC_ONLY
ListOfSecurities,8,00005,HSBC HOLDINGS,Equity,Equity Securities (Main Board),GB0005405286,400,HKD,EQUITY_CANDIDATE_DIAGNOSTIC_ONLY
ListOfSecurities,9,00006,POWER ASSETS,Equity,Equity Securities (Main Board),HK0006000050,500,HKD,EQUITY_CANDIDATE_DIAGNOSTIC_ONLY
ListOfSecurities,10,00007,WISDOM WEALTH,Equity,Equity Securities (Main Board),BMG4643R1245,"10,000",HKD,EQUITY_CANDIDATE_DIAGNOSTIC_ONLY
ListOfSecurities,11,00008,PCCW,Equity,Equity Securities (Main Board),HK0008011667,"1,000",HKD,EQUITY_CANDIDATE_DIAGNOSTIC_ONLY
ListOfSecurities,12,00010,HANG LUNG GROUP,Equity,Equity Securities (Main Board),HK0010000088,"1,000",HKD,EQUITY_CANDIDATE_DIAGNOSTIC_ONLY
ListOfSecurities,13,00012,HENDERSON LAND,Equity,Equity Securities (Main Board),HK0012000102,"1,000",HKD,EQUITY_CANDIDATE_DIAGNOSTIC_ONLY
ListOfSecurities,14,00013,HUTCHMED,Equity,Equity Securities (Main Board),KYG4672N1198,500,HKD,EQUITY_CANDIDATE_DIAGNOSTIC_ONLY
ListOfSecurities,15,00014,HYSAN DEV,Equity,Equity Securities (Main Board),HK0014000126,"1,000",HKD,EQUITY_CANDIDATE_DIAGNOSTIC_ONLY
ListOfSecurities,16,00016,SHK PPT,Equity,Equity Securities (Main Board),HK0016000132,500,HKD,EQUITY_CANDIDATE_DIAGNOSTIC_ONLY
ListOfSecurities,17,00017,NEW WORLD DEV,Equity,Equity Securities (Main Board),HK0000608585,"1,000",HKD,EQUITY_CANDIDATE_DIAGNOSTIC_ONLY
ListOfSecurities,18,00018,ORIENTAL M G,Equity,Equity Securities (Main Board),HK0018000155,"2,000",HKD,EQUITY_CANDIDATE_DIAGNOSTIC_ONLY
ListOfSecurities,19,00019,SWIRE PACIFIC A,Equity,Equity Securities (Main Board),HK0019000162,500,HKD,EQUITY_CANDIDATE_DIAGNOSTIC_ONLY
ListOfSecurities,20,00020,SENSETIME-W,Equity,Equity Securities (Main Board),KYG8062L1041,"1,000",HKD,EQUITY_CANDIDATE_DIAGNOSTIC_ONLY
ListOfSecurities,21,00021,GREAT CHI HLDGS,Equity,Equity Securities (Main Board),HK0000132420,"5,000",HKD,EQUITY_CANDIDATE_DIAGNOSTIC_ONLY
ListOfSecurities,22,00022,MEXAN,Equity,Equity Securities (Main Board),BMG6051D1175,"2,000",HKD,EQUITY_CANDIDATE_DIAGNOSTIC_ONLY
ListOfSecurities,23,00023,BANK OF E ASIA,Equity,Equity Securities (Main Board),HK0023000190,200,HKD,EQUITY_CANDIDATE_DIAGNOSTIC_ONLY
ListOfSecurities,24,00025,CHEVALIER INT'L,Equity,Equity Securities (Main Board),BMG2097Z1471,"2,000",HKD,EQUITY_CANDIDATE_DIAGNOSTIC_ONLY
ListOfSecurities,25,00026,CHINA MOTOR BUS,Equity,Equity Securities (Main Board),HK0026000205,200,HKD,EQUITY_CANDIDATE_DIAGNOSTIC_ONLY
ListOfSecurities,26,00027,GALAXY ENT,Equity,Equity Securities (Main Board),HK0027032686,"1,000",HKD,EQUITY_CANDIDATE_DIAGNOSTIC_ONLY
ListOfSecurities,27,00028,TIAN AN,Equity,Equity Securities (Main Board),HK0028013271,"1,000",HKD,EQUITY_CANDIDATE_DIAGNOSTIC_ONLY
ListOfSecurities,28,00029,DYNAMIC HOLD,Equity,Equity Securities (Main Board),BMG2889K1678,"2,000",HKD,EQUITY_CANDIDATE_DIAGNOSTIC_ONLY
ListOfSecurities,29,00030,YNBY INTL,Equity,Equity Securities (Main Board),BMG0865U1009,"2,000",HKD,EQUITY_CANDIDATE_DIAGNOSTIC_ONLY
ListOfSecurities,30,00031,CHINA AEROSPACE,Equity,Equity Securities (Main Board),HK0031044180,"2,000",HKD,EQUITY_CANDIDATE_DIAGNOSTIC_ONLY
ListOfSecurities,31,00032,CROSS-HAR(HOLD),Equity,Equity Securities (Main Board),HK0032009356,"1,000",HKD,EQUITY_CANDIDATE_DIAGNOSTIC_ONLY
ListOfSecurities,32,00033,INTL GENIUS,Equity,Equity Securities (Main Board),KYG0252B1115,"2,000",HKD,EQUITY_CANDIDATE_DIAGNOSTIC_ONLY
ListOfSecurities,33,00034,KOWLOON DEV,Equity,Equity Securities (Main Board),HK0034000254,"1,000",HKD,EQUITY_CANDIDATE_DIAGNOSTIC_ONLY
ListOfSecurities,34,00035,FE CONSORT INTL,Equity,Equity Securities (Main Board),KYG3307Z1090,"1,000",HKD,EQUITY_CANDIDATE_DIAGNOSTIC_ONLY
ListOfSecurities,35,00036,FE HLDGS INTL,Equity,Equity Securities (Main Board),HK0001095345,"6,000",HKD,EQUITY_CANDIDATE_DIAGNOSTIC_ONLY
ListOfSecurities,36,00037,FE HOTELS,Equity,Equity Securities (Main Board),HK0037039283,"2,000",HKD,EQUITY_CANDIDATE_DIAGNOSTIC_ONLY
ListOfSecurities,37,00038,FIRST TRACTOR,Equity,Equity Securities (Main Board),CNE100000320,"2,000",HKD,EQUITY_CANDIDATE_DIAGNOSTIC_ONLY
ListOfSecurities,38,00039,CH BEIDAHUANG,Equity,Equity Securities (Main Board),KYG2117W1087,"8,000",HKD,EQUITY_CANDIDATE_DIAGNOSTIC_ONLY
ListOfSecurities,39,00040,GOLD PEAK,Equity,Equity Securities (Main Board),HK0040000298,"1,000",HKD,EQUITY_CANDIDATE_DIAGNOSTIC_ONLY
ListOfSecurities,40,00041,GREAT EAGLE H,Equity,Equity Securities (Main Board),BMG4069C1486,"1,000",HKD,EQUITY_CANDIDATE_DIAGNOSTIC_ONLY
ListOfSecurities,41,00042,NE ELECTRIC,Equity,Equity Securities (Main Board),CNE1000003V0,"2,000",HKD,EQUITY_CANDIDATE_DIAGNOSTIC_ONLY
ListOfSecurities,42,00045,HK&S HOTELS,Equity,Equity Securities (Main Board),HK0045000319,500,HKD,EQUITY_CANDIDATE_DIAGNOSTIC_ONLY
ListOfSecurities,43,00046,COMPUTER & TECH,Equity,Equity Securities (Main Board),BMG2335C1082,"2,000",HKD,EQUITY_CANDIDATE_DIAGNOSTIC_ONLY
ListOfSecurities,44,00048,C AUTO INT DECO,Equity,Equity Securities (Main Board),KYG211351500,"10,000",HKD,EQUITY_CANDIDATE_DIAGNOSTIC_ONLY
ListOfSecurities,45,00050,HK FERRY (HOLD),Equity,Equity Securities (Main Board),HK0050000345,"1,000",HKD,EQUITY_CANDIDATE_DIAGNOSTIC_ONLY
ListOfSecurities,46,00051,HARBOUR CENTRE,Equity,Equity Securities (Main Board),HK0051000351,"1,000",HKD,EQUITY_CANDIDATE_DIAGNOSTIC_ONLY
ListOfSecurities,47,00052,FAIRWOOD HOLD,Equity,Equity Securities (Main Board),BMG3305Y1619,500,HKD,EQUITY_CANDIDATE_DIAGNOSTIC_ONLY
ListOfSecurities,48,00053,GUOCO GROUP,Equity,Equity Securities (Main Board),BMG420981224,"1,000",HKD,EQUITY_CANDIDATE_DIAGNOSTIC_ONLY
ListOfSecurities,49,00055,NEWAY GROUP,Equity,Equity Securities (Main Board),BMG6433R1319,"10,000",HKD,EQUITY_CANDIDATE_DIAGNOSTIC_ONLY
ListOfSecurities,50,00057,CHEN HSONG HOLD,Equity,Equity Securities (Main Board),BMG208741063,"2,000",HKD,EQUITY_CANDIDATE_DIAGNOSTIC_ONLY
ListOfSecurities,51,00058,SUNWAY INT'L,Equity,Equity Securities (Main Board),BMG858331389,"20,000",HKD,EQUITY_CANDIDATE_DIAGNOSTIC_ONLY
ListOfSecurities,52,00059,SKYFAME REALTY,Equity,Equity Securities (Main Board),BMG8220B1476,"2,000",HKD,EQUITY_CANDIDATE_DIAGNOSTIC_ONLY
ListOfSecurities,53,00060,HK FOOD INV,Equity,Equity Securities (Main Board),HK0060028229,"2,000",HKD,EQUITY_CANDIDATE_DIAGNOSTIC_ONLY
ListOfSecurities,54,00061,GREEN LEADER,Equity,Equity Securities (Main Board),BMG4165P1187,"20,000",HKD,EQUITY_CANDIDATE_DIAGNOSTIC_ONLY
ListOfSecurities,55,00062,TRANSPORT INT'L,Equity,Equity Securities (Main Board),BMG9031M1082,400,HKD,EQUITY_CANDIDATE_DIAGNOSTIC_ONLY
ListOfSecurities,56,00063,CHI ASIA VALLEY,Equity,Equity Securities (Main Board),BMG2123P1059,"1,000",HKD,EQUITY_CANDIDATE_DIAGNOSTIC_ONLY
ListOfSecurities,57,00064,GET NICE,Equity,Equity Securities (Main Board),KYG3926K1296,"2,000",HKD,EQUITY_CANDIDATE_DIAGNOSTIC_ONLY
ListOfSecurities,58,00065,GRAND OCEAN AR,Equity,Equity Securities (Main Board),KYG4064U1013,"4,000",HKD,EQUITY_CANDIDATE_DIAGNOSTIC_ONLY
ListOfSecurities,59,00066,MTR CORPORATION,Equity,Equity Securities (Main Board),HK0066009694,500,HKD,EQUITY_CANDIDATE_DIAGNOSTIC_ONLY
ListOfSecurities,60,00068,MANYCORE TECH,Equity,Equity Securities (Main Board),KYG5860M1024,500,HKD,EQUITY_CANDIDATE_DIAGNOSTIC_ONLY
ListOfSecurities,61,00069,SHANGRI-LA ASIA,Equity,Equity Securities (Main Board),BMG8063F1068,"2,000",HKD,EQUITY_CANDIDATE_DIAGNOSTIC_ONLY
ListOfSecurities,62,00070,RICH GOLDMAN,Equity,Equity Securities (Main Board),HK0000295763,"10,000",HKD,EQUITY_CANDIDATE_DIAGNOSTIC_ONLY
ListOfSecurities,63,00071,MIRAMAR HOTEL,Equity,Equity Securities (Main Board),HK0071000456,"1,000",HKD,EQUITY_CANDIDATE_DIAGNOSTIC_ONLY
ListOfSecurities,64,00072,META MEDIA,Equity,Equity Securities (Main Board),KYG618251089,"2,000",HKD,EQUITY_CANDIDATE_DIAGNOSTIC_ONLY
ListOfSecurities,65,00073,ASIAN CITRUS,Equity,Equity Securities (Main Board),BMG0620W3009,"1,000",HKD,EQUITY_CANDIDATE_DIAGNOSTIC_ONLY
ListOfSecurities,66,00075,Y.T. REALTY,Equity,Equity Securities (Main Board),BMG987731079,"2,000",HKD,EQUITY_CANDIDATE_DIAGNOSTIC_ONLY
ListOfSecurities,67,00076,ELATE HOLDINGS,Equity,Equity Securities (Main Board),HK0000900701,"4,000",HKD,EQUITY_CANDIDATE_DIAGNOSTIC_ONLY
ListOfSecurities,68,00077,AMS TRANSPORT,Equity,Equity Securities (Main Board),KYG041561088,"2,000",HKD,EQUITY_CANDIDATE_DIAGNOSTIC_ONLY
ListOfSecurities,69,00078,REGAL INT'L,Equity,Equity Securities (Main Board),BMG7475M1626,"2,000",HKD,EQUITY_CANDIDATE_DIAGNOSTIC_ONLY
ListOfSecurities,70,00079,CENTURY LEGEND,Equity,Equity Securities (Main Board),BMG2021N1609,"4,000",HKD,EQUITY_CANDIDATE_DIAGNOSTIC_ONLY
ListOfSecurities,71,00080,CAI CORP,Equity,Investment Companies,KYG211971687,"10,000",HKD,EQUITY_CANDIDATE_DIAGNOSTIC_ONLY
ListOfSecurities,72,00081,CH OVS G OCEANS,Equity,Equity Securities (Main Board),HK0000065737,"1,000",HKD,EQUITY_CANDIDATE_DIAGNOSTIC_ONLY
ListOfSecurities,73,00082,CRAZY SPORTS,Equity,Equity Securities (Main Board),BMG249551091,"2,000",HKD,EQUITY_CANDIDATE_DIAGNOSTIC_ONLY
ListOfSecurities,74,00083,SINO LAND,Equity,Equity Securities (Main Board),HK0083000502,"2,000",HKD,EQUITY_CANDIDATE_DIAGNOSTIC_ONLY
ListOfSecurities,75,00084,STELUX HOLDINGS,Equity,Equity Securities (Main Board),BMG8465C1073,"1,000",HKD,EQUITY_CANDIDATE_DIAGNOSTIC_ONLY
ListOfSecurities,76,00085,CE HUADA TECH,Equity,Equity Securities (Main Board),BMG2122L1054,"2,000",HKD,EQUITY_CANDIDATE_DIAGNOSTIC_ONLY
ListOfSecurities,77,00086,SUN HUNG KAI CO,Equity,Equity Securities (Main Board),HK0086000525,"1,000",HKD,EQUITY_CANDIDATE_DIAGNOSTIC_ONLY
ListOfSecurities,78,00087,SWIRE PACIFIC B,Equity,Equity Securities (Main Board),HK0087000532,"2,500",HKD,EQUITY_CANDIDATE_DIAGNOSTIC_ONLY
ListOfSecurities,79,00088,TAI CHEUNG HOLD,Equity,Equity Securities (Main Board),BMG8659B1054,"1,000",HKD,EQUITY_CANDIDATE_DIAGNOSTIC_ONLY
ListOfSecurities,80,00089,TAI SANG LAND,Equity,Equity Securities (Main Board),HK0089000548,"1,000",HKD,EQUITY_CANDIDATE_DIAGNOSTIC_ONLY
ListOfSecurities,81,00090,PUXING ENERGY,Equity,Equity Securities (Main Board),KYG730761049,"2,000",HKD,EQUITY_CANDIDATE_DIAGNOSTIC_ONLY
ListOfSecurities,82,00092,CHAMPION TECH,Equity,Equity Securities (Main Board),BMG2033C4008,"12,000",HKD,EQUITY_CANDIDATE_DIAGNOSTIC_ONLY
ListOfSecurities,83,00093,ZERO FINTECH,Equity,Equity Securities (Main Board),BMG8760C1414,"2,000",HKD,EQUITY_CANDIDATE_DIAGNOSTIC_ONLY
ListOfSecurities,84,00094,GREENHEART GP,Equity,Equity Securities (Main Board),BMG4094L1054,"80,000",HKD,EQUITY_CANDIDATE_DIAGNOSTIC_ONLY
ListOfSecurities,85,00095,LVGEM CHINA,Equity,Equity Securities (Main Board),KYG5727E1035,"2,000",HKD,EQUITY_CANDIDATE_DIAGNOSTIC_ONLY
ListOfSecurities,86,00096,YUSEI,Equity,Equity Securities (Main Board),KYG9883K1013,"2,000",HKD,EQUITY_CANDIDATE_DIAGNOSTIC_ONLY
ListOfSecurities,87,00097,HENDERSON INV,Equity,Equity Securities (Main Board),HK0097000571,"1,000",HKD,EQUITY_CANDIDATE_DIAGNOSTIC_ONLY
ListOfSecurities,88,00098,XINGFA ALUM,Equity,Equity Securities (Main Board),KYG9828C1078,"1,000",HKD,EQUITY_CANDIDATE_DIAGNOSTIC_ONLY
ListOfSecurities,89,00099,WONG'S INT'L,Equity,Equity Securities (Main Board),BMG9738G1078,"1,000",HKD,EQUITY_CANDIDATE_DIAGNOSTIC_ONLY
ListOfSecurities,90,00100,MINIMAX-W,Equity,Equity Securities (Main Board),KYG6181S1093,20,HKD,EQUITY_CANDIDATE_DIAGNOSTIC_ONLY
ListOfSecurities,91,00101,HANG LUNG PPT,Equity,Equity Securities (Main Board),HK0101000591,"1,000",HKD,EQUITY_CANDIDATE_DIAGNOSTIC_ONLY
ListOfSecurities,92,00103,SHOUGANG CENT,Equity,Equity Securities (Main Board),HK0001215935,"1,000",HKD,EQUITY_CANDIDATE_DIAGNOSTIC_ONLY
ListOfSecurities,93,00104,ASIA COMM HOLD,Equity,Equity Securities (Main Board),BMG0532V2009,"5,000",HKD,EQUITY_CANDIDATE_DIAGNOSTIC_ONLY
ListOfSecurities,94,00105,ASSO INT HOTELS,Equity,Equity Securities (Main Board),HK0105000613,"2,000",HKD,EQUITY_CANDIDATE_DIAGNOSTIC_ONLY
ListOfSecurities,95,00106,LANDSEA MGMT,Equity,Equity Securities (Main Board),BMG5370A1018,"4,000",HKD,EQUITY_CANDIDATE_DIAGNOSTIC_ONLY
ListOfSecurities,96,00107,SICHUAN EXPRESS,Equity,Equity Securities (Main Board),CNE100000494,"2,000",HKD,EQUITY_CANDIDATE_DIAGNOSTIC_ONLY
ListOfSecurities,97,00108,GR LIFE STYLE,Equity,Equity Securities (Main Board),HK0108000628,"2,000",HKD,EQUITY_CANDIDATE_DIAGNOSTIC_ONLY
ListOfSecurities,98,00110,CHINA FORTUNE,Equity,Equity Securities (Main Board),BMG2154Z1216,"4,000",HKD,EQUITY_CANDIDATE_DIAGNOSTIC_ONLY
ListOfSecurities,99,00111,CINDA INTL HLDG,Equity,Equity Securities (Main Board),BMG2143M1082,"2,000",HKD,EQUITY_CANDIDATE_DIAGNOSTIC_ONLY
ListOfSecurities,100,00113,DICKSON CONCEPT,Equity,Equity Securities (Main Board),BMG275871231,500,HKD,EQUITY_CANDIDATE_DIAGNOSTIC_ONLY
ListOfSecurities,101,00114,HERALD HOLD,Equity,Equity Securities (Main Board),BMG4410A1062,"5,000",HKD,EQUITY_CANDIDATE_DIAGNOSTIC_ONLY
ListOfSecurities,102,00115,GRAND FIELD GP,Equity,Equity Securities (Main Board),BMG4054H3005,"2,000",HKD,EQUITY_CANDIDATE_DIAGNOSTIC_ONLY
ListOfSecurities,103,00116,CHOW SANG SANG,Equity,Equity Securities (Main Board),BMG2113M1203,"1,000",HKD,EQUITY_CANDIDATE_DIAGNOSTIC_ONLY
ListOfSecurities,104,00117,TIANLI HOLDINGS,Equity,Equity Securities (Main Board),KYG8884H1092,"2,000",HKD,EQUITY_CANDIDATE_DIAGNOSTIC_ONLY
ListOfSecurities,105,00118,COSMOS MACH,Equity,Equity Securities (Main Board),HK0118000667,"2,000",HKD,EQUITY_CANDIDATE_DIAGNOSTIC_ONLY
ListOfSecurities,106,00119,POLY PROPERTY,Equity,Equity Securities (Main Board),HK0119000674,"1,000",HKD,EQUITY_CANDIDATE_DIAGNOSTIC_ONLY
ListOfSecurities,107,00120,COSMOPOL INT'L,Equity,Equity Securities (Main Board),KYG2445L1703,600,HKD,EQUITY_CANDIDATE_DIAGNOSTIC_ONLY
ListOfSecurities,108,00122,CROCODILE,Equity,Equity Securities (Main Board),HK0001074084,"2,000",HKD,EQUITY_CANDIDATE_DIAGNOSTIC_ONLY
ListOfSecurities,109,00123,YUEXIU PROPERTY,Equity,Equity Securities (Main Board),HK0000745908,"1,000",HKD,EQUITY_CANDIDATE_DIAGNOSTIC_ONLY
ListOfSecurities,110,00124,GD LAND,Equity,Equity Securities (Main Board),BMG4182K1009,"2,000",HKD,EQUITY_CANDIDATE_DIAGNOSTIC_ONLY
ListOfSecurities,111,00125,SUN HING VISION,Equity,Equity Securities (Main Board),BMG8572F1005,"2,000",HKD,EQUITY_CANDIDATE_DIAGNOSTIC_ONLY
ListOfSecurities,112,00126,CARRIANNA,Equity,Equity Securities (Main Board),BMG1993G1042,"2,000",HKD,EQUITY_CANDIDATE_DIAGNOSTIC_ONLY
ListOfSecurities,113,00127,CHINESE EST H,Equity,Equity Securities (Main Board),BMG2108M2182,500,HKD,EQUITY_CANDIDATE_DIAGNOSTIC_ONLY
ListOfSecurities,114,00128,ENM HOLDINGS,Equity,Equity Securities (Main Board),HK0128011282,"4,000",HKD,EQUITY_CANDIDATE_DIAGNOSTIC_ONLY
ListOfSecurities,115,00129,ASIA STANDARD,Equity,Equity Securities (Main Board),BMG0533U2355,"2,000",HKD,EQUITY_CANDIDATE_DIAGNOSTIC_ONLY
ListOfSecurities,116,00130,MOISELLE INT'L,Equity,Equity Securities (Main Board),KYG618641073,"2,000",HKD,EQUITY_CANDIDATE_DIAGNOSTIC_ONLY
ListOfSecurities,117,00131,CHEUK NANG HOLD,Equity,Equity Securities (Main Board),HK0131037993,"1,000",HKD,EQUITY_CANDIDATE_DIAGNOSTIC_ONLY
ListOfSecurities,118,00132,HING YIP HLDGS,Equity,Equity Securities (Main Board),BMG210751092,"1,000",HKD,EQUITY_CANDIDATE_DIAGNOSTIC_ONLY
ListOfSecurities,119,00133,CHINA MERCHANTS,Equity,Investment Companies,HK0133000726,"2,000",HKD,EQUITY_CANDIDATE_DIAGNOSTIC_ONLY
ListOfSecurities,120,00135,KUNLUN ENERGY,Equity,Equity Securities (Main Board),BMG5320C1082,"2,000",HKD,EQUITY_CANDIDATE_DIAGNOSTIC_ONLY
ListOfSecurities,121,00136,CHINA RUYI,Equity,Equity Securities (Main Board),BMG4404N1149,"4,000",HKD,EQUITY_CANDIDATE_DIAGNOSTIC_ONLY
ListOfSecurities,122,00137,JINHUI HOLDINGS,Equity,Equity Securities (Main Board),HK0137031065,"1,000",HKD,EQUITY_CANDIDATE_DIAGNOSTIC_ONLY
ListOfSecurities,123,00138,CCT FORTIS,Equity,Equity Securities (Main Board),BMG1987Y2020,"5,000",HKD,EQUITY_CANDIDATE_DIAGNOSTIC_ONLY
ListOfSecurities,124,00139,SMART FISH,Equity,Equity Securities (Main Board),BMG2118J2052,"10,000",HKD,EQUITY_CANDIDATE_DIAGNOSTIC_ONLY
ListOfSecurities,125,00142,FIRST PACIFIC,Equity,Equity Securities (Main Board),BMG348041077,"2,000",HKD,EQUITY_CANDIDATE_DIAGNOSTIC_ONLY
ListOfSecurities,126,00144,CHINA MER PORT,Equity,Equity Securities (Main Board),HK0144000764,"2,000",HKD,EQUITY_CANDIDATE_DIAGNOSTIC_ONLY
ListOfSecurities,127,00145,CCIAM FUTURE EN,Equity,Equity Securities (Main Board),HK0000990694,"8,000",HKD,EQUITY_CANDIDATE_DIAGNOSTIC_ONLY
ListOfSecurities,128,00146,TAI PING CARPET,Equity,Equity Securities (Main Board),BMG8659F1068,"1,000",HKD,EQUITY_CANDIDATE_DIAGNOSTIC_ONLY
ListOfSecurities,129,00147,IB SETTLEMENT,Equity,Equity Securities (Main Board),BMG4824K1045,"5,000",HKD,EQUITY_CANDIDATE_DIAGNOSTIC_ONLY
ListOfSecurities,130,00148,KINGBOARD HLDG,Equity,Equity Securities (Main Board),KYG525621408,500,HKD,EQUITY_CANDIDATE_DIAGNOSTIC_ONLY
ListOfSecurities,131,00149,CH AGRI-PROD EX,Equity,Equity Securities (Main Board),BMG2150P2343,"5,000",HKD,EQUITY_CANDIDATE_DIAGNOSTIC_ONLY
ListOfSecurities,132,00150,HYPEBEAST,Equity,Equity Securities (Main Board),KYG468321040,"2,800",HKD,EQUITY_CANDIDATE_DIAGNOSTIC_ONLY
ListOfSecurities,133,00151,WANT WANT CHINA,Equity,Equity Securities (Main Board),KYG9431R1039,"1,000",HKD,EQUITY_CANDIDATE_DIAGNOSTIC_ONLY
ListOfSecurities,134,00152,SHENZHEN INT'L,Equity,Equity Securities (Main Board),BMG8086V1467,500,HKD,EQUITY_CANDIDATE_DIAGNOSTIC_ONLY
ListOfSecurities,135,00154,BE ENVIRONMENT,Equity,Equity Securities (Main Board),HK0154000803,"1,000",HKD,EQUITY_CANDIDATE_DIAGNOSTIC_ONLY
ListOfSecurities,136,00156,LIPPO CHINA RES,Equity,Equity Securities (Main Board),HK0000936234,"2,000",HKD,EQUITY_CANDIDATE_DIAGNOSTIC_ONLY
ListOfSecurities,137,00157,NATURAL BEAUTY,Equity,Equity Securities (Main Board),KYG640061027,"10,000",HKD,EQUITY_CANDIDATE_DIAGNOSTIC_ONLY
ListOfSecurities,138,00158,MELBOURNE ENT,Equity,Equity Securities (Main Board),HK0158000825,500,HKD,EQUITY_CANDIDATE_DIAGNOSTIC_ONLY
ListOfSecurities,139,00159,BROCKMAN MINING,Equity,Equity Securities (Main Board),BMG1739E1084,"4,000",HKD,EQUITY_CANDIDATE_DIAGNOSTIC_ONLY
ListOfSecurities,140,00160,HON KWOK LAND,Equity,Equity Securities (Main Board),HK0160011786,"2,000",HKD,EQUITY_CANDIDATE_DIAGNOSTIC_ONLY
ListOfSecurities,141,00162,CENTURY GINWA,Equity,Equity Securities (Main Board),BMG2021K1172,"2,000",HKD,EQUITY_CANDIDATE_DIAGNOSTIC_ONLY
ListOfSecurities,142,00163,EMPEROR INT'L,Equity,Equity Securities (Main Board),BMG3036C2239,"10,000",HKD,EQUITY_CANDIDATE_DIAGNOSTIC_ONLY
ListOfSecurities,143,00164,CHINA BAOLI TEC,Equity,Equity Securities (Main Board),BMG2119D3063,"5,000",HKD,EQUITY_CANDIDATE_DIAGNOSTIC_ONLY
ListOfSecurities,144,00165,CHINA EB LTD,Equity,Equity Securities (Main Board),HK0165000859,"2,000",HKD,EQUITY_CANDIDATE_DIAGNOSTIC_ONLY
ListOfSecurities,145,00166,NEW TIMES CORP,Equity,Equity Securities (Main Board),BMG648851092,"2,000",HKD,EQUITY_CANDIDATE_DIAGNOSTIC_ONLY
ListOfSecurities,146,00167,IDT INT'L,Equity,Equity Securities (Main Board),BMG4705P1499,"18,000",HKD,EQUITY_CANDIDATE_DIAGNOSTIC_ONLY
ListOfSecurities,147,00168,TSINGTAO BREW,Equity,Equity Securities (Main Board),CNE1000004K1,"2,000",HKD,EQUITY_CANDIDATE_DIAGNOSTIC_ONLY
ListOfSecurities,148,00169,WANDA HOTEL DEV,Equity,Equity Securities (Main Board),BMG9430N1039,"1,000",HKD,EQUITY_CANDIDATE_DIAGNOSTIC_ONLY
ListOfSecurities,149,00171,SILVER GRANT,Equity,Equity Securities (Main Board),HK0171000877,"2,000",HKD,EQUITY_CANDIDATE_DIAGNOSTIC_ONLY
ListOfSecurities,150,00173,K. WAH INT'L,Equity,Equity Securities (Main Board),BMG5321P1169,"1,000",HKD,EQUITY_CANDIDATE_DIAGNOSTIC_ONLY
ListOfSecurities,151,00174,GEMINI INV,Equity,Equity Securities (Main Board),HK0174000890,"2,000",HKD,EQUITY_CANDIDATE_DIAGNOSTIC_ONLY
ListOfSecurities,152,00175,GEELY AUTO,Equity,Equity Securities (Main Board),KYG3777B1032,"1,000",HKD,EQUITY_CANDIDATE_DIAGNOSTIC_ONLY
ListOfSecurities,153,00176,SUPERACTIVE GP,Equity,Equity Securities (Main Board),BMG8587Y1021,"2,000",HKD,EQUITY_CANDIDATE_DIAGNOSTIC_ONLY
ListOfSecurities,154,00177,JIANGSU EXPRESS,Equity,Equity Securities (Main Board),CNE1000003J5,"2,000",HKD,EQUITY_CANDIDATE_DIAGNOSTIC_ONLY
ListOfSecurities,155,00178,SA SA INT'L,Equity,Equity Securities (Main Board),KYG7814S1021,"2,000",HKD,EQUITY_CANDIDATE_DIAGNOSTIC_ONLY
ListOfSecurities,156,00179,JOHNSON ELEC H,Equity,Equity Securities (Main Board),BMG5150J1577,500,HKD,EQUITY_CANDIDATE_DIAGNOSTIC_ONLY
ListOfSecurities,157,00180,KADER HOLDINGS,Equity,Equity Securities (Main Board),BMG5206W1038,"2,000",HKD,EQUITY_CANDIDATE_DIAGNOSTIC_ONLY
ListOfSecurities,158,00181,FUJIAN HOLDINGS,Equity,Equity Securities (Main Board),HK0181013399,"20,000",HKD,EQUITY_CANDIDATE_DIAGNOSTIC_ONLY
ListOfSecurities,159,00182,CONCORD NE,Equity,Equity Securities (Main Board),BMG2345T1099,"10,000",HKD,EQUITY_CANDIDATE_DIAGNOSTIC_ONLY
ListOfSecurities,160,00183,WINFULL GP,Equity,Equity Securities (Main Board),KYG9704H1130,"8,000",HKD,EQUITY_CANDIDATE_DIAGNOSTIC_ONLY
ListOfSecurities,161,00184,KECK SENG INV,Equity,Equity Securities (Main Board),HK0184000948,"2,000",HKD,EQUITY_CANDIDATE_DIAGNOSTIC_ONLY
ListOfSecurities,162,00185,ZENSUN ENT,Equity,Equity Securities (Main Board),HK0000769783,"1,000",HKD,EQUITY_CANDIDATE_DIAGNOSTIC_ONLY
ListOfSecurities,163,00186,NIMBLE HOLDINGS,Equity,Equity Securities (Main Board),BMG652161065,"30,000",HKD,EQUITY_CANDIDATE_DIAGNOSTIC_ONLY
ListOfSecurities,164,00187,JINGCHENG MAC,Equity,Equity Securities (Main Board),CNE100000270,"2,000",HKD,EQUITY_CANDIDATE_DIAGNOSTIC_ONLY
ListOfSecurities,165,00188,SUNWAH KINGSWAY,Equity,Equity Securities (Main Board),BMG8587P1196,"5,000",HKD,EQUITY_CANDIDATE_DIAGNOSTIC_ONLY
ListOfSecurities,166,00189,DONGYUE GROUP,Equity,Equity Securities (Main Board),KYG2816P1072,"1,000",HKD,EQUITY_CANDIDATE_DIAGNOSTIC_ONLY
ListOfSecurities,167,00191,LAI SUN INT'L,Equity,Equity Securities (Main Board),HK0000356805,"1,000",HKD,EQUITY_CANDIDATE_DIAGNOSTIC_ONLY
ListOfSecurities,168,00193,CAPITAL ESTATE,Equity,Equity Securities (Main Board),HK0000489689,"3,000",HKD,EQUITY_CANDIDATE_DIAGNOSTIC_ONLY
ListOfSecurities,169,00194,LIU CHONG HING,Equity,Equity Securities (Main Board),HK0194000995,"2,000",HKD,EQUITY_CANDIDATE_DIAGNOSTIC_ONLY
ListOfSecurities,170,00195,GREENTECH INTL,Equity,Equity Securities (Main Board),KYG4100V1133,"2,000",HKD,EQUITY_CANDIDATE_DIAGNOSTIC_ONLY
ListOfSecurities,171,00196,HONGHUA GROUP,Equity,Equity Securities (Main Board),KYG4584R1092,"1,000",HKD,EQUITY_CANDIDATE_DIAGNOSTIC_ONLY
ListOfSecurities,172,00197,HENG TAI,Equity,Equity Securities (Main Board),KYG440351305,"5,000",HKD,EQUITY_CANDIDATE_DIAGNOSTIC_ONLY
ListOfSecurities,173,00199,ITC PROPERTIES,Equity,Equity Securities (Main Board),BMG4984N1618,"1,000",HKD,EQUITY_CANDIDATE_DIAGNOSTIC_ONLY
ListOfSecurities,174,00200,MELCO INT'L DEV,Equity,Equity Securities (Main Board),HK0200030994,"1,000",HKD,EQUITY_CANDIDATE_DIAGNOSTIC_ONLY
ListOfSecurities,175,00201,MAGNIFICENT,Equity,Equity Securities (Main Board),HK0201008726,"2,000",HKD,EQUITY_CANDIDATE_DIAGNOSTIC_ONLY
ListOfSecurities,176,00202,EVERCHINA INT'L,Equity,Equity Securities (Main Board),HK0000062734,"5,000",HKD,EQUITY_CANDIDATE_DIAGNOSTIC_ONLY
ListOfSecurities,177,00204,CAPITAL REALM,Equity,Investment Companies,BMG2115B2053,"5,000",HKD,EQUITY_CANDIDATE_DIAGNOSTIC_ONLY
ListOfSecurities,178,00205,BFB HEALTH,Equity,Equity Securities (Main Board),,"10,000",HKD,EQUITY_CANDIDATE_DIAGNOSTIC_ONLY
ListOfSecurities,179,00206,CM-ENERGY,Equity,Equity Securities (Main Board),KYG2124A1076,"1,000",HKD,EQUITY_CANDIDATE_DIAGNOSTIC_ONLY
ListOfSecurities,180,00209,POLY XVERSE IT,Equity,Equity Securities (Main Board),BMG9723F1225,"10,000",HKD,EQUITY_CANDIDATE_DIAGNOSTIC_ONLY
ListOfSecurities,181,00210,DAPHNE INT'L,Equity,Equity Securities (Main Board),KYG2830J1031,"2,000",HKD,EQUITY_CANDIDATE_DIAGNOSTIC_ONLY
ListOfSecurities,182,00211,STYLAND HOLD,Equity,Equity Securities (Main Board),BMG8540A3088,"10,000",HKD,EQUITY_CANDIDATE_DIAGNOSTIC_ONLY
ListOfSecurities,183,00212,NANYANG HOLD,Equity,Equity Securities (Main Board),BMG6362N1011,500,HKD,EQUITY_CANDIDATE_DIAGNOSTIC_ONLY
ListOfSecurities,184,00213,NATIONAL ELEC H,Equity,Equity Securities (Main Board),BMG6374F1041,"2,000",HKD,EQUITY_CANDIDATE_DIAGNOSTIC_ONLY
ListOfSecurities,185,00214,ASIA ORIENT,Equity,Equity Securities (Main Board),BMG0534H1189,"2,000",HKD,EQUITY_CANDIDATE_DIAGNOSTIC_ONLY
ListOfSecurities,186,00215,HUTCHTEL HK,Equity,Equity Securities (Main Board),KYG4672G1064,"2,000",HKD,EQUITY_CANDIDATE_DIAGNOSTIC_ONLY
ListOfSecurities,187,00216,CHINNEY INV,Equity,Equity Securities (Main Board),HK0216001088,"4,000",HKD,EQUITY_CANDIDATE_DIAGNOSTIC_ONLY
ListOfSecurities,188,00217,CHINA CHENGTONG,Equity,Equity Securities (Main Board),HK0217012357,"2,000",HKD,EQUITY_CANDIDATE_DIAGNOSTIC_ONLY
ListOfSecurities,189,00218,SWHYHK,Equity,Equity Securities (Main Board),HK0218001102,"5,000",HKD,EQUITY_CANDIDATE_DIAGNOSTIC_ONLY
ListOfSecurities,190,00219,SHUNHO PROPERTY,Equity,Equity Securities (Main Board),HK0219009344,"2,000",HKD,EQUITY_CANDIDATE_DIAGNOSTIC_ONLY
ListOfSecurities,191,00220,U-PRESID CHINA,Equity,Equity Securities (Main Board),KYG9222R1065,"1,000",HKD,EQUITY_CANDIDATE_DIAGNOSTIC_ONLY
ListOfSecurities,192,00222,MIN XIN HOLD,Equity,Equity Securities (Main Board),HK0222001130,"2,000",HKD,EQUITY_CANDIDATE_DIAGNOSTIC_ONLY
ListOfSecurities,193,00223,ELIFE HLDGS,Equity,Equity Securities (Main Board),KYG3002T1195,"20,000",HKD,EQUITY_CANDIDATE_DIAGNOSTIC_ONLY
ListOfSecurities,194,00224,PIONEER GLOBAL,Equity,Equity Securities (Main Board),BMG7098N1002,"4,000",HKD,EQUITY_CANDIDATE_DIAGNOSTIC_ONLY
ListOfSecurities,195,00225,POKFULAM,Equity,Equity Securities (Main Board),HK0225001145,"2,000",HKD,EQUITY_CANDIDATE_DIAGNOSTIC_ONLY
ListOfSecurities,196,00227,FIRST SHANGHAI,Equity,Equity Securities (Main Board),HK0227001168,"8,000",HKD,EQUITY_CANDIDATE_DIAGNOSTIC_ONLY
ListOfSecurities,197,00228,CHINA ENERGY,Equity,Equity Securities (Main Board),KYG2153W1116,"2,000",HKD,EQUITY_CANDIDATE_DIAGNOSTIC_ONLY
ListOfSecurities,198,00229,RAYMOND IND,Equity,Equity Securities (Main Board),HK0229001182,"5,000",HKD,EQUITY_CANDIDATE_DIAGNOSTIC_ONLY
ListOfSecurities,199,00232,CON AERO TECH,Equity,Equity Securities (Main Board),BMG2381M1091,"2,000",HKD,EQUITY_CANDIDATE_DIAGNOSTIC_ONLY
ListOfSecurities,200,00234,NEW CENTURY GP,Equity,Equity Securities (Main Board),BMG644581396,"24,000",HKD,EQUITY_CANDIDATE_DIAGNOSTIC_ONLY
ListOfSecurities,201,00235,CSC HOLDINGS,Equity,Equity Securities (Main Board),HK0235034623,"5,000",HKD,EQUITY_CANDIDATE_DIAGNOSTIC_ONLY
ListOfSecurities,202,00236,SAN MIGUEL HK,Equity,Equity Securities (Main Board),HK0236001209,"2,000",HKD,EQUITY_CANDIDATE_DIAGNOSTIC_ONLY
ListOfSecurities,203,00237,SAFETY GODOWN,Equity,Equity Securities (Main Board),HK0000642089,"2,000",HKD,EQUITY_CANDIDATE_DIAGNOSTIC_ONLY
